{
  "120363418621109290@g.us": {
    "expired": 1760336740,
    "name": "JB 🍀ALL GEME||ROBLOX|| YANTO||1🍀",
    "addedBy": "6285137354206",
    "mode": "ems_copy_t",
    "inviteCode": "H3kVUIvqts5BDcjRmF2D8e",
    "inviteLink": "https://chat.whatsapp.com/H3kVUIvqts5BDcjRmF2D8e"
  },
  "120363228659851578@g.us": {
    "expired": 0,
    "name": "𝗝𝗕¹ || 𝗡𝗔𝗡𝗔𝗬 𝗦𝗧𝗢𝗥𝗘",
    "addedBy": "6285701021624",
    "mode": "ems_copy_t",
    "inviteCode": "LScwukF5HopG8ORsC42zw5",
    "inviteLink": "https://chat.whatsapp.com/LScwukF5HopG8ORsC42zw5"
  },
  "120363422673079226@g.us": {
    "expired": 1758890898,
    "name": "p",
    "addedBy": "6285179995308",
    "mode": "ems_copy_t",
    "inviteCode": "Lk7sFH28fjU8b1SHz5NQKM",
    "inviteLink": "https://chat.whatsapp.com/Lk7sFH28fjU8b1SHz5NQKM"
  },
  "120363420856716977@g.us": {
    "expired": 0,
    "name": "Alicee Bot WatSap 🤖 || Chat Bot 24jam",
    "addedBy": "6281543496975",
    "mode": "ems_copy_t",
    "inviteCode": "DvQ0dN6jAlAHs3B72mah0X",
    "inviteLink": "https://chat.whatsapp.com/DvQ0dN6jAlAHs3B72mah0X"
  }
}